product_id,name,price,battery_hours,anc,comfort,sound,weight,design,review_rating,known_drawback,review_pattern,best_for,plain_language_notes
H01,Auralis Core,3999,32,2,6,5,8,5,3.2,Very low price comes with a basic plastic build; some owners report hinge looseness and noticeable battery aging after heavy use. The microphone is also weak in noisy places.,"Reviews often praise the price and light weight, but long-term owners are less positive about durability and battery consistency.",budget buyers and occasional listeners,"A very cheap, lightweight option. It works well enough for casual use, but the low price shows up in build quality, calls, and long-term durability."
H02,Velora One,6999,50,4,6,7,7,7,3.9,"Excellent battery life, but noise cancellation is modest and the earcups do not block much sound passively.",Owners consistently like the runtime; commuters are more divided because outside noise remains noticeable.,people who hate frequent charging,"A strong battery-focused choice. It is practical for long days, but it is not designed to be the quietest option on a bus or flight."
H03,Sonex Lite,5499,38,5,9,6,6,7,4.0,"Very comfortable for long sessions, but the microphone struggles in busy environments and the sound is tuned more for general listening than detail.",Study and music users rate the comfort highly; work-call users are more mixed.,students and long listening sessions,"Comfort is the main reason to buy it. It is easy to wear for hours, but it is not the strongest choice if calls or highly detailed music matter."
H04,Novara Pro,9999,32,10,8,9,5,8,4.5,"Near-top performance across most categories, but it is expensive and noticeably heavier than the lighter travel-focused models.",Reviewers praise its noise cancellation and sound; the main complaints are price and weight during very long travel days.,frequent travellers and demanding listeners,"A premium all-rounder: excellent isolation and sound, good comfort, but you pay substantially more and carry a heavier headset."
H05,EchoSphere S,6499,45,7,7,8,7,6,4.1,"Strong overall package, although its touch controls can register accidental taps when adjusting the headphones and the design is fairly plain.",Most owners see it as dependable everyday equipment; accidental touch inputs are the recurring annoyance.,general everyday use,A balanced middle-ground choice with few major weaknesses. The main practical annoyance is accidental touch input while adjusting the earcups.
H06,ZenTone Air,8499,25,8,10,7,10,6,4.2,"Extremely light and comfortable, but the short battery means frequent charging and the lightweight construction feels less substantial than the price suggests.",Long-session users love the fit; frequent travellers are much less enthusiastic about the battery.,people who prioritise comfort and lightness,"The comfort champion. It almost disappears on your head, but that advantage comes with short battery life and a premium price."
H07,PulseArc,5799,30,6,5,10,8,9,3.8,"Strong bass and eye-catching design, but voices and acoustic instruments can sound less natural; the fit is also less comfortable for some users after several hours.","Bass-heavy music fans tend to like it, while people who prefer balanced sound and long sessions are more divided.",bass-focused music listeners,"Fun, energetic and stylish. It is a deliberate sound choice rather than a neutral all-rounder, and long-session comfort is only average."
H08,Quieta Max,7999,36,10,7,8,6,5,4.3,"Excellent noise cancellation, but heavy ANC use reduces practical battery runtime and the bulkier earcups are less convenient to carry around.",Commuters praise the isolation; frequent travellers note that the case and larger earcups take up more space.,daily commuters in noisy places,"Built around strong noise reduction. It is excellent on noisy transport, but less attractive if compactness and maximum battery efficiency matter."
H09,Travelleaf,6299,52,7,8,5,10,5,3.7,"Exceptional battery and low weight, but call quality is average and the sound is less detailed than the more expensive models.",Commuters like how easy it is to carry and how rarely it needs charging; music-focused reviewers are less impressed.,"students, commuters and travellers","A practical travel companion. Its strengths are battery and portability, while sound detail and calls are the compromises."
H10,StudioNest,10499,30,6,9,10,3,7,4.4,"Excellent sound quality, but the heavy build is awkward for travel and the high price only makes sense if audio quality is a major priority.",Audio-focused users praise the sound; casual listeners often question the price and weight.,music-focused home listening,"The specialist choice for sound quality. It is expensive and heavy, so its strengths make the most sense for people who will actually use them."
